11136066,"Trees, Youth, Our Future Newforest, New Stewards a Way Forward",2018
11136104,"Flashback in Paradise",2020
11136118,"Mom's Tradition",2019
11136158,"Editing History",2019
11136170,"Learn to Love",2019
11136228,"Poomjit: Life in Bangkok Fever",2012
11136244,Rochelle,2019
11136276,Azor,2020
11136282,"Plenty of Fish",2019
11136322,"I Want a Better Life",2019
11136342,"Building a Life Together",2019
11136348,Parlika,2016
11136356,Ellen,2019
11136392,"I'm a Winner",2019
11136410,"Bigger Than Us",2019
11136420,Nectar,2020
11136426,"Last Meal",2019
11136430,Flooded,2016
11136454,"Jasmine Road",2020
11136472,"The Speech",2020
11136510,"Aos Olhos de Ernesto (Through Ernesto's Eyes)",2019
11136512,"The Path Not Taken",2020
11136552,"Drifting Forward",2019
11136594,"Heaven the Adventure begins",2019
11136602,"Petit Samedi",2020
11136648,"I Am Miner, Who Is More...",2012
11136662,"Fragile Heart (The Movie)",2021
11136672,"The Impersonation",1983
11136688,"Hvorfor slog du vores piger ihjel?",2019
11136698,"Paradise on Earth",2019
11136726,"Made in Auschwitz: The Untold Story of Block 10",2019
11136780,"Hassan Arfa Compound",2019
11136964,"Campo de Mayo",2020
11137028,"Howard Original",2020
11137086,"The Keanu",2020
11137106,"Non Compos Mentis: Somnium",2019
11137118,"American Warfighter II, Celcius",2020
11137248,"Vaxxed II: The People's Truth",2019
11137266,"The Worst Thing",2019
11137272,Respect,2020
11137276,"Zero Illumination",2019
11137336,"The Beauty",2016
11137372,"Bio Raiders",2017
11137376,"Two Love You",2019
11137380,"To a Dead Friend",2020
11137384,"Love Is Cold",2018
11137388,"Guan bing zhuo qiang dao",1991
11137390,"Quería ser",2019
11137408,"Lei Hen",1979
11137412,"Bai she zhuan",1980
11137416,"Stay in the Country to Examine",1994
11137434,"Fu chang qi he",1996
11137682,"The Deceased Won't Desist!",2021
11137684,"Cuddle Me",2020
11137708,"Nite Owls",2021
11137798,"Dark Christmas",2021
11137802,"The Missing Sheep",2016
11137804,Systemic,2021
11137810,"Ta ke la ma gan de gu sheng",2017
11137818,"Genuine Love",2014
11137824,"Du Long Zhi Zi Gao De Rong",2015
11137830,"Zong heng qian li zhi tie feng huang",2018
11137840,"Billiard Girl",2018
11137848,"The Girls Are from Tianshui",2018
11137854,"Da He",2009
11137870,"Rite of Passage",2021
11137920,Garuda,2019
11137960,"Il Giovane Pertini Combattente per la libertà",2019
11137964,"Damned Rites",2019
11137966,"Pulivendula Pulibidda",2019
11137992,"Lady Detective Shadow II",2020
11138022,"St. Just and Heringen",2019
11138124,"Das Ankleidezimmer",2019
11138148,"La giostra dei giganti",2019
11138292,"Real Men",2019
11138294,"Da guo chang jiang qu: Towards the river of glorious",2019
11138552,"Beatriz Costa - Mulher Sem Fronteiras",1998
11138608,"Bekar Evi",2019
11138864,"Faultlines Across the Water",2020
11138912,"Vickida No Varghodo",2020
11138922,"The Fallen Astronaut",2020
11138982,"Waren einmal Revoluzzer",2019
11138992,"António Silva - Um Artista Popular",1998
11139374,iPossessed,2020
11139448,"Pani Bani",2018
11139966,Indifesa,2018
11140178,"The Woods",2020
11140184,"Blitzkid: Live at Conne Island",2014
11140466,"Memória e Dicionário",2019
11140700,"A pas aveugles dans la nuit",2017
11140702,"Michale Graves Live at Europa",2013
11140712,Garbage,2020
11140756,"Wieloryb z Lorino",2019
11140762,"Up Wali Love Story",2019
11140966,777,2020
11141152,"Ugly, Cupid and Silly",2013
11141316,Rajamartanda,2019
11141518,"The Lawyer's Decision",2021
11141552,"The Yird Swine",2020
11141592,"Wedding Screeners",2020
11141676,"Europa, based on a true story",2019
11141704,"Make This Day Come Alive!",2016
11141902,"Evil Lives: The Misfits A.D.",2016
11142160,"Des nouvelles du ciel",2019
11142266,"Club Internacional Aguerridos",2019
11142350,"Breaking Free",2020
11142382,"Penny Wonderland",2020
11142432,_Titans,2020
11142442,"Make This Day Come Alive! 2016",2019
11142502,"Schoolies Week",2020
11142516,"Letters to my Grandchildren",2019
11142556,"Learning to Love Again",2020
11142578,"The Burnt Matches",2017
11142616,"Molly the Magnificent",2020
11142622,Pastarioni,2018
11142628,"Hard Plastic",2020
11142672,"The House That Rob Built",2019
11142716,"Rachel: An American Conscience",2005
11142840,"Let Them Eat Dirt",2019
11142960,"A Christmas Celebration",2017
11142962,"Bitter Chestnut",2019
11143108,"Oh My Kadavule",2020
11143154,"The Revelator",2019
11143172,Zaheen,2019
11143176,"Inspector Vikram",2019
11143190,"Daniel, the Goodboy",2020
11143196,"Popcorn Monkey Tiger",2019
11143200,Zharfa,2019
11143286,"Roland Rebers Todesrevue",2019
11143304,Moksha,2019
11143336,"Ayushman Bhava",2019
11143356,Ommomme,2020
11143434,Sarbath,2019
11143486,"The Last American Colony",2019
11143500,"Le Paris orthodoxe russe",2017
11143508,"Tutto Verdi : Giuseppe Verdi, Un giorno di regno, ossia Il finto Stanislao, Melodramma giocoso in two acts",2010
11143522,"Bars catholiques, l'Église hors les murs",2018
11143532,"Une bulle à la foi",2019
11143634,"All of Us",2019
11143832,XIII,2019
11143850,Amadeo,2020
11143920,"Kyôfu Ningyô",2019
11144724,"How to Get Girls Through Hypnosis",2021
11145520,"Onnorokom Valobasha",2019
11145856,"The Welles Raft",2019
11146014,Chhaliya,2019
11146072,Behemoth,2020
11146130,"Microbiote, les fabuleux pouvoirs du ventre",2019
11146148,Warez,2023
11146168,"Much of a Muchness",2020
11146190,"Daughter-in-law Is Also Human",2017
11146244,"Soul in the Machine",2019
11146272,"Army Ki Jung",2019
11146322,"The Spread",2020
11146338,"Tepecik Hayal Okulu",2014
11146350,"The Extraordinary Journey of A Black Nerd",2020
11146356,Parvarish,2019
11146394,"Homecoming - Special Edition Director's Cut",2019
11146422,"Marie Ange",2016
11146514,"El Camino De La Rata",2018
11146544,"Die drei Königskinder",2019
11146570,"One More Jump",2019
11146576,"Integrating Anna",2020
11146638,"Curtain of Ice",1991
11146678,"Donne e Donne",2020
11146690,Wolfgang,2020
11146692,"Todas as Manhãs do Mundo",2017
11146760,Panghrun,2019
11146856,"El regalo",2019
11146944,"Hibiscus by the River",2020
11147106,"Talking the Pictures",2019
11147178,"Paszporty paragwaju",2019
11147180,"Anak Perjanjian Syaitan",2019
11147182,"Idea jest najwazniejsza",2019
11147184,Pusaka,2019
11147214,"We Shall Triumph Through Solidarity - Venceremos Con La Solidaridad",1977
11147294,"It's Me",2020
11147332,Portals,2020
11147338,K.C.,2018
11147362,"Gang of Bra",2019
11147388,"Call of the Valley: The Enduring Lure of Sonoma",2019
11147416,"The Rebellions Own",2019
11147442,"Loss vs Desire",2020
11147460,"The Sycophant",2020
11147534,"Evidence: The Case for NASA UFOs",2002
11147552,"Hard Man",2012
11147594,"Iditarod: The Last Great Race on Earth",2017
11147686,"Just Ruby",2020
11147764,"Glenn Wool: Creator, I Am but a Pawn",2019
11147770,"Girls Gone Wild: Halloween Hookups",2015
11147772,"Girls Gone Wild: Haunted House Hookups",2017
11147794,"Karakomik Filmler: 2 Arada",2019
11147920,Yazh,2020
11147962,"Krishnobibor the Black Hole",2018
11148028,"Theerpugal Virkapadum",2019
11148078,"Madre anoche en las trincheras",2019
11148086,"Sangeet Saroop Satgur",2019
11148192,"Angule Angul",2019
11148250,"Imsinhan Namuwa Dokkaebi",2019
11148648,Babbar,2019
11148722,"Nadan Ishq Ba",2019
11148740,"Town of Glory",2019
11148852,"Raja Ho Gail Deewana",2019
11148860,"For One of Us",2018
11148870,Naseeb,2019
11149030,"Pyar Ho Gail Zahar",2019
11149120,"Jangal Raj",2018
11149282,"Bidhana Nach Nachabe",2018
11149514,Khuddar,2018
11149604,"Indian Viraz",2018
11149730,"Tod De Dushman Ki Nali Ram Aur Ali",2018
11149792,"Shiva Banal Don",2018
11150224,Qahar,2018
11150362,"Kehu Ba Deewana Naihar Me",2018
11150392,"Nache Nagin Gali Gali",2018
11150406,"Yeh Ishq Bada Bedardi Hai",2018
11150410,Izmisums,2019
11150412,"Não Vamos Pagar Nada",2020
11150414,"Platform No. 2",2018
11150438,"500 Miles to Nowhere",2020
11150446,"Halfa Macha Ke Gail",2018
11150462,"Alice Is Gone",2019
11150466,"3 Young Millionaires 2",2018
11150474,"Milk Sour Cream Curd",2013
11150504,"Dark Intentions 2: Escalation",2019
11150594,Blu,2020
11150620,L.O.C.A.,2020
11150630,"Abandoned Mansion",2019
11150646,"A Sogra Perfeita",2020
11150664,Righetto,2020
11150666,Neverland,2020
11150700,"Detective Steele",2020
11150774,"Witness at Tornillo",2019
11150974,"Underground Ballet",2019
11151076,"The 100 Dollar Love Letter to Black Women",2019
11151078,"Le Seduzioni",2020
11151096,"Nightmares Are Dreams Too",2020
11151162,"The Whooper",2020
11151182,"Untitled Christmas Feature Film",2023
11151336,"Broadcast Signal Intrusion",2020
11151424,"Squirting Natalia Fucks Her Step-Dad",2019
11151496,"Love Travel",2019
11151578,"An American Masquerade",2021
11151610,Cleaners,2019
11151636,"Love Evolutionism",2014
11151640,"Shi zhi shuang tian xiao jiao",2015
11151642,"Re gan mian de wei dao",2015
11151646,"Seaver Street Sisters",2021
11151648,"Hai ou lao ren",2015
11151656,"Kid Soldier",2019
11151670,"Agent Thumb",2019
11151696,"Path of the Beast",2019
11151734,"Ye yi ji ye",2019
11151736,"Becoming Li Jiahe",2019
11151764,"Bloody Daisy",2019
11151768,"The Parker Sessions",2019
11151772,"An Insignificant Affair",2019
11151788,"Tamirni baraye ejra",2016
11151842,"Enrico Intra - Non solo jazz",2019
11151916,Avarice,2020
11151958,"India Fashion Factory",2020
11151982,"Goblin Slayer: Goblin's Crown",2020
11151998,"White Snake",2019
11152006,"Fat Front",2019
11152104,Supermum,2019
11152170,Seggae,2020
11152286,Invitation,2019
11152342,"Just Like That",2019
11152358,"Pearl of the Desert",2019
11152422,"Governance - Tutto ha un prezzo",2020
11152458,"Mout Khed Jawana Di",1976
11152494,"Klatschmohn - aus dem Leben mit dem Heroin",1993
11152652,"Tu enfanteras dans la douleur",2019
11152690,"Me & U",2019
11152854,"Kindred Creatures",2020
11152902,"O Fascínio das Histórias",2019
11152918,"Tide of Lies",2019
11153078,"The Rise and Fall of Timex Dundee",2019
11153362,"Entro Mezzanotte",2019
11153570,"Mary Houlihan: Live 'N' Good",2016
11153780,"Il principe delle pezze",2019
11153796,"Bru & Boegie: The Movie",2019
11153820,"Lucky Bhai",2019
11153850,"Gósenlandio (The Bountiful Land)",2019
11153858,Baundule,2019
11153896,Dansh,2018
11154544,"Monaco vs Tottenham Hotspur",2015
11154574,"Une autre que moi",2019
11154890,"Can i Gymru: Dathlu'r 50",2019
11154898,"Star Dust",2010
11154914,"Katapadi Kattappa",2019
11155080,Kinderzauber,2016
11155172,"Kannad Gothilla",2019
11155372,"Invisible Battalion",2017
11155390,"West No More",2020
11155460,Dithee,2019
11155806,"The Last Day of This Summer",2019
11155868,"Let's Kill Uncle Eddie",2019
11155928,"Atbai's Fight",2019
11155948,"Electric Kingdom",2019
11155974,Dimensioni,1970
11156012,"Alieno da",1971
11156056,"Pyar Mein Thoda Twist",2020
11156060,"Easy Living",2019
11156302,"Darbo d'Hubo - The Way of Love",2007
11156332,"Trojan Base Alpha",2019
11156348,"The Afterlife Investigations: The Scole Experiments",2011
11156362,"Good Cop, Bad Cop (City of Angels)",2020
11156402,"Dora Who Came from Highway",2019
11156500,Persephone,2026
11156518,"Killing the Jasmine",2006
11156566,"Phantom of the Ice",2020
11156614,"Dead Kids",2019
11156632,"Last Call for the Bayou",2019
11156654,"Young Sangye",2018
11156674,"Babae at Baril",2019
11156686,"Berij Vajabaki",2019
11156694,"Not My Brothers Keeper",2020
11156858,Kowsar,1974
11156888,Immodest,1972
11156906,"Pahlevoon baba",1971
11156932,"Surviving Supercon",2019
11157002,"Brothers in Brothel",2019
11157030,"Transplant + Life",2019
11157146,"Shree ram samartha",2019
11157170,"Baaghi Ishq",2018
11157182,Hero,2018
11157214,"The Philosophy of Horror: A Symphony of Film Theory",2020
11157264,"Kaise Kahi Kehuse Pyaar Ba",2018
11157298,"An American Satan",2019
11157312,"Sarkai Lo Khatiya Jada Lage",2018
11157332,"Antim Tandav",2012
11157344,"Estándar",2020
11157356,"Kalua Bhail Sayan",2012
11157376,"Tottenham Hotspur vs Ajax",2019
11157380,"House of No Limits",2019
11157400,"Tragic Fathers Day",2019
11157430,Prashasan,2015
11157436,Kriza4Life,2009
11157480,Shahenshah,2018
11157550,"The Third Hacker",2020
11157552,"Mohabbat Mith Lagela",2018
11157590,"Happy New Year",2019
11157618,"Prigode kmeta Pajota",2010
11157632,Fannika,2019
11157636,"Suno Sasurji",2018
11157644,"Please Stop... The Endless Gang Bang Hell of A Fallen Female TV Announcer Anri Kizuki",2016
11157668,"Perverted Desire",2020
11157680,Bichoo,2007
11157694,"Ihe Ba Pyar Ke Rang Hajar",2017
11157704,"El cuento de Duna",2011
11157712,"Tohare Me Basela Pran",2017
11157772,Girlz,2019
11157774,Gundey,2017
11157776,"You'll Never Walk Alone",2018
11157786,"Balma Rangrasiya",2017
11157788,"Zuo zhe huo che shang bei jing",2019
11157796,"Sugna 2",2017
11157800,"C9 Hui Jia",2015
11157830,Muqaddar,2017
11157842,"Un procés a dins el Procés",2019
11157868,"Kes: Reimagined",2019
11157870,"Pawan Raja",2017
11157878,"Dara Gujjar",1986
11157882,"Main Sehra Bandh Ke Aaunga",2017
11157910,"Yoddha Arjun Pandit",2017
11157932,"Baap Re Baap",2017
11157936,Barood,1984
11157988,"When Romero Met Del Toro",2017
11157992,APP,2019
11158304,"Phap Su Mu: Ai Chet Gio Tay",2019
11158436,Diapason,2019
11158470,"Jitt Qanoon Dee",1986
11158888,"Dream Girl",1986
11158930,"5 Minute",2019
11158948,"Area 51's Secrets",2015
11158984,"Fragments Between Time and Angels",1997
11158990,"Les charbons ardents",2019
11158994,"Inside: Twin Town",2011
11158998,"Teri Banhon Mein",1987
11159460,"Pyar Tera Mera",1988
11159908,Junoon,2019
11159958,Karma,1989
11159984,"Me llevarás en ti",2019
11160092,"Dushman Dada",1989
11160268,"No Smoking",2019
11160398,Lutera,1990
11160412,"Belated Confession",2019
11160434,"Don't Walk Away",2019
11160444,"I'll Wait for You",2019
11160626,"Kala Pani",1990
11160634,Keisha,2019
11160642,"Ahmad, the Shepherd",1972
11160666,"Living on a Dollar a Day",2017
11160774,"Fat Guys Paradise",1999
11160832,"Najmat Al-Sabah",2019
11160858,"Haifa Street",2019
11160908,"Contra el No-Do",2018
11160942,"A Dog and His Man",2019
11160956,"No Lye: An American Beauty Story",2019
11161104,"Fat Guys Paradise",1999
11161112,"Broken Dreams",2019
11161170,"As del Juego",2016
11161230,"A Love to Die For",2020
11161246,"Balole Golden Wolf",2019
11161300,"A Home of One's Own",2019
11161374,"Beyond the Law",2020
11161736,"Kick the Ball! Kid!",2019
11161740,"Fen dou shi dai",2019
11161804,"Pride and Prejudice",1976
11161836,Yavar,1974
11161900,"Dorian Yates: The Original Mass Monster",2019
11161918,Jhalle,2019
11161928,"Follow Me Down: A Yonder Mountain Story",2014
11162082,"Prigode kmeta Pajota 2",2012
11162090,"Ziddi Mera Naa",1991
11162126,"Da Yue Zai Dong Ji",2019
11162162,"Die Gründer. 30 Jahre DFDR",2019
11162174,"Be Naam Badshah",1992
11162176,"Crno na belem",2009
11162316,"3 Shyaane",2020
11162334,"L'incredibile giro del mondo del Facchinetti di Curio",2019
11162406,"King Baby",2019
11162414,"Shao nian ge ma lan",1999
11162474,"Atlantic City",2019
11162502,"G the Film",2019
11162566,"International Ocean Film Tour - Vol 6",2019
11162580,"Dada ima - End of the Hunt",2019
11162638,Fantasia,2019
11162688,II,2019
11162776,"I Alexander Samuelsons fotspår",2019
11162780,"Acidente Inesperado 2",2013
11162808,"Sábado à Noite",2007
11162904,"Sub-4 to States",2019
11162952,"Ricky (Nakalnya Anak Muda)",1990
11162974,"Go! The Unforgettable Party",2019
11163006,"Lupus IV (Anak Mami Sudah Besar)",1990
11163028,"House Arrest",2019
11163052,"Daldu Chorayu Dhire Dhire",2000
11163058,"Sonhámos Um País",2019
11163100,"Mota Ghar Ni Vahu",2007
11163108,Hijrat,1992
11163154,Chuquiragua,2016
11163432,"The National Guard Health Affairs",2012
11163758,Dryland,2013
11163768,Estigma,2018
11164150,"Meet the Filmmakers: Josh and Benny Safdie",2017
11164162,"You Only Live Once",2019
11164422,"A 4 manos",2017
11164624,Boxer,1992
11165048,"Rock in Rio: Cassia Eller Ao Vivo",2006
11165442,"Guadalupe Reyes",2019
11165468,"Sheeda Talli",1993
11165502,"Absolute Beginner's Kettlebells",2009
11165704,"Looking for A Lady with Fangs and A Moustache",2019
11165768,"Mind Changers",2020
11166002,"Stanley Stanton",2019
11166146,"Tanah hami",1976
11166216,Cheshm-entezar,1975
11166224,"Lagle's Pilgrimage",2019
11166228,Platipussy,1996
11166424,"Coca-Cola: Hilltop",1972
11166494,"Dumlupinar: Vatan Sagolsun",2020
11166548,"Lying Still",2020
11166554,"Average Joe",2019
11166612,"The Quiet Rebel",2018
11166628,"A is for Agustin",2019
11166646,"El rocio",2019
11166668,"Un sueño en Paris",2019
11166714,303,2016
11166960,"Beast with a Budget",2019
11167010,"The Captain and I",1981
11167046,"The Red Resurrection",2017
11167110,"Protégé",2019
11167116,"The Cosmic Secret",2019
11167150,"Mumbai Xpress",2005
11167214,"What Can You Do about It",2019
11167266,"Muthassikkoru Muthu",2019
11167286,"Vattamesha Sammelanam",2019
11167334,"Mother and Son",2019
11167396,"Ennodu Para I Love You Ennu",2019
11167446,Geran,2019
11167464,"Jadoo Nagri",1993
11167472,"Sej Taiyar Sajaniya Farar",2012
11167518,"Akri Shehzada",1993
11167592,Saranga,1994
11167668,"Die Russen kommen! - Schicksal der Siebenbürger Sachsen aus Nordsiebenbürgen",2004
11167740,"Ghunda Raj",1994
11167818,"Türkler Geliyor: Adaletin Kilici",2019
11167824,Sultan-e-Azam,1995
11167894,"Raja Sahib",1996
11167896,"Somunnan gogyosaeng",1977
11167968,"Mod Bhaang (The Ebb Tide)",2019
11168130,"The infertile Maiden 1",2019
11169474,"Star Twinkle PreCure the Movie: These Feelings Within The Song Of Stars",2019
11169628,"The undoing",2018
11169780,"Riot Pls: 10th Anniversary Edition - League of Legends",2019
11170648,"The Faketrix",2002
11171312,"Faceless Shadows",2019
11171338,Saghi,1970
11171390,Kakol-zari,1972